車両ID,販売会社コード,車両名称,車種区分,登録完了日,新中区分コード
U00001,S001,ヴォクシー ZS,ミニバン,2024/04/03,2
U00002,S001,カローラスポーツ G,コンパクト,2024/04/15,2
U00003,S002,プリウス A,セダン,2024/04/12,2
U00004,S002,ノア X,ミニバン,2024/04/19,2
U00005,S003,クラウン RS,セダン,2024/04/09,2
U00006,S003,ヤリス X,コンパクト,2024/04/21,2
U00007,S003,シエンタ X,ミニバン,2024/04/28,2
U00008,S004,ヴォクシー ZS,ミニバン,2024/04/06,2
U00009,S004,カローラスポーツ G,コンパクト,2024/04/18,2
U00010,S004,ハリアー Premium,SUV,2024/04/25,2
U00011,S005,ノア X,ミニバン,2024/04/15,2
U00012,S005,C-HR G,SUV,2024/04/22,2
U00013,S005,クラウン RS,セダン,2024/04/10,2
U00014,S006,シエンタ X,ミニバン,2024/04/12,2
U00015,S006,アクア S,コンパクト,2024/04/24,2
U00016,S007,カローラスポーツ G,コンパクト,2024/04/09,2
U00017,S007,ハリアー Premium,SUV,2024/04/21,2
U00018,S007,プリウス A,セダン,2024/04/04,2
U00019,S008,C-HR G,SUV,2024/04/18,2
U00020,S008,クラウン RS,セダン,2024/04/25,2
U00021,S009,シエンタ X,ミニバン,2024/04/15,2
U00022,S009,アクア S,コンパクト,2024/04/27,2
U00023,S009,ヴォクシー ZS,ミニバン,2024/04/10,2
U00024,S010,ハリアー Premium,SUV,2024/04/12,2
U00025,S010,プリウス A,セダン,2024/04/24,2
U00026,S010,ノア X,ミニバン,2024/04/07,2
U00027,S010,C-HR G,SUV,2024/04/19,2
U00028,S017,ヤリス X,コンパクト,2024/04/21,2
U00029,S017,シエンタ X,ミニバン,2024/04/04,2
U00030,S001,アクア S,コンパクト,2024/05/12,2
U00031,S001,ヴォクシー ZS,ミニバン,2024/05/19,2
U00032,S002,ハリアー Premium,SUV,2024/05/09,2
U00033,S002,プリウス A,セダン,2024/05/21,2
U00034,S002,ノア X,ミニバン,2024/05/28,2
U00035,S003,クラウン RS,セダン,2024/05/06,2
U00036,S003,ヤリス X,コンパクト,2024/05/18,2
U00037,S003,シエンタ X,ミニバン,2024/05/25,2
U00038,S004,ヴォクシー ZS,ミニバン,2024/05/15,2
U00039,S004,カローラスポーツ G,コンパクト,2024/05/22,2
U00040,S004,ハリアー Premium,SUV,2024/05/10,2
U00041,S005,ノア X,ミニバン,2024/05/12,2
U00042,S005,C-HR G,SUV,2024/05/24,2
U00043,S006,ヤリス X,コンパクト,2024/05/09,2
U00044,S006,シエンタ X,ミニバン,2024/05/21,2
U00045,S006,アクア S,コンパクト,2024/05/04,2
U00046,S007,カローラスポーツ G,コンパクト,2024/05/18,2
U00047,S007,ハリアー Premium,SUV,2024/05/25,2
U00048,S008,ノア X,ミニバン,2024/05/15,2
U00049,S008,C-HR G,SUV,2024/05/27,2
U00050,S008,クラウン RS,セダン,2024/05/10,2
U00051,S009,シエンタ X,ミニバン,2024/05/12,2
U00052,S009,アクア S,コンパクト,2024/05/24,2
U00053,S009,ヴォクシー ZS,ミニバン,2024/05/07,2
U00054,S009,カローラスポーツ G,コンパクト,2024/05/19,2
U00055,S010,プリウス A,セダン,2024/05/21,2
U00056,S010,ノア X,ミニバン,2024/05/04,2
U00057,S017,クラウン RS,セダン,2024/05/18,2
U00058,S017,ヤリス X,コンパクト,2024/05/30,2
U00059,S001,シエンタ X,ミニバン,2024/06/09,2
U00060,S001,アクア S,コンパクト,2024/06/21,2
U00061,S001,ヴォクシー ZS,ミニバン,2024/06/28,2
U00062,S002,ハリアー Premium,SUV,2024/06/06,2
U00063,S002,プリウス A,セダン,2024/06/18,2
U00064,S002,ノア X,ミニバン,2024/06/25,2
U00065,S003,クラウン RS,セダン,2024/06/15,2
U00066,S003,ヤリス X,コンパクト,2024/06/22,2
U00067,S003,シエンタ X,ミニバン,2024/06/10,2
U00068,S004,ヴォクシー ZS,ミニバン,2024/06/12,2
U00069,S004,カローラスポーツ G,コンパクト,2024/06/24,2
U00070,S005,プリウス A,セダン,2024/06/09,2
U00071,S005,ノア X,ミニバン,2024/06/21,2
U00072,S005,C-HR G,SUV,2024/06/04,2
U00073,S006,ヤリス X,コンパクト,2024/06/18,2
U00074,S006,シエンタ X,ミニバン,2024/06/25,2
U00075,S007,ヴォクシー ZS,ミニバン,2024/06/15,2
U00076,S007,カローラスポーツ G,コンパクト,2024/06/27,2
U00077,S007,ハリアー Premium,SUV,2024/06/10,2
U00078,S008,ノア X,ミニバン,2024/06/12,2
U00079,S008,C-HR G,SUV,2024/06/24,2
U00080,S008,クラウン RS,セダン,2024/06/07,2
U00081,S008,ヤリス X,コンパクト,2024/06/19,2
U00082,S009,アクア S,コンパクト,2024/06/21,2
U00083,S009,ヴォクシー ZS,ミニバン,2024/06/04,2
U00084,S010,ハリアー Premium,SUV,2024/06/18,2
U00085,S010,プリウス A,セダン,2024/06/30,2
U00086,S017,C-HR G,SUV,2024/06/15,2
U00087,S017,クラウン RS,セダン,2024/06/27,2
U00088,S017,ヤリス X,コンパクト,2024/06/10,2
U00089,S001,シエンタ X,ミニバン,2024/07/06,2
U00090,S001,アクア S,コンパクト,2024/07/18,2
U00091,S001,ヴォクシー ZS,ミニバン,2024/07/25,2
U00092,S002,ハリアー Premium,SUV,2024/07/15,2
U00093,S002,プリウス A,セダン,2024/07/22,2
U00094,S002,ノア X,ミニバン,2024/07/10,2
U00095,S003,クラウン RS,セダン,2024/07/12,2
U00096,S003,ヤリス X,コンパクト,2024/07/24,2
U00097,S004,アクア S,コンパクト,2024/07/09,2
U00098,S004,ヴォクシー ZS,ミニバン,2024/07/21,2
U00099,S004,カローラスポーツ G,コンパクト,2024/07/04,2
U00100,S005,プリウス A,セダン,2024/07/18,2
U00101,S005,ノア X,ミニバン,2024/07/25,2
U00102,S006,クラウン RS,セダン,2024/07/15,2
U00103,S006,ヤリス X,コンパクト,2024/07/27,2
U00104,S006,シエンタ X,ミニバン,2024/07/10,2
U00105,S007,ヴォクシー ZS,ミニバン,2024/07/12,2
U00106,S007,カローラスポーツ G,コンパクト,2024/07/24,2
U00107,S007,ハリアー Premium,SUV,2024/07/07,2
U00108,S007,プリウス A,セダン,2024/07/19,2
U00109,S008,C-HR G,SUV,2024/07/21,2
U00110,S008,クラウン RS,セダン,2024/07/04,2
U00111,S009,シエンタ X,ミニバン,2024/07/18,2
U00112,S009,アクア S,コンパクト,2024/07/30,2
U00113,S010,カローラスポーツ G,コンパクト,2024/07/15,2
U00114,S010,ハリアー Premium,SUV,2024/07/27,2
U00115,S010,プリウス A,セダン,2024/07/10,2
U00116,S017,C-HR G,SUV,2024/07/24,2
U00117,S017,クラウン RS,セダン,2024/07/07,2
U00118,S017,ヤリス X,コンパクト,2024/07/19,2
U00119,S001,シエンタ X,ミニバン,2024/08/15,2
U00120,S001,アクア S,コンパクト,2024/08/22,2
U00121,S001,ヴォクシー ZS,ミニバン,2024/08/10,2
U00122,S002,ハリアー Premium,SUV,2024/08/12,2
U00123,S002,プリウス A,セダン,2024/08/24,2
U00124,S003,C-HR G,SUV,2024/08/09,2
U00125,S003,クラウン RS,セダン,2024/08/21,2
U00126,S003,ヤリス X,コンパクト,2024/08/04,2
U00127,S004,アクア S,コンパクト,2024/08/18,2
U00128,S004,ヴォクシー ZS,ミニバン,2024/08/25,2
U00129,S005,ハリアー Premium,SUV,2024/08/15,2
U00130,S005,プリウス A,セダン,2024/08/27,2
U00131,S005,ノア X,ミニバン,2024/08/10,2
U00132,S006,クラウン RS,セダン,2024/08/12,2
U00133,S006,ヤリス X,コンパクト,2024/08/24,2
U00134,S006,シエンタ X,ミニバン,2024/08/07,2
U00135,S006,アクア S,コンパクト,2024/08/19,2
U00136,S007,カローラスポーツ G,コンパクト,2024/08/21,2
U00137,S007,ハリアー Premium,SUV,2024/08/04,2
U00138,S008,ノア X,ミニバン,2024/08/18,2
U00139,S008,C-HR G,SUV,2024/08/30,2
U00140,S009,ヤリス X,コンパクト,2024/08/15,2
U00141,S009,シエンタ X,ミニバン,2024/08/27,2
U00142,S009,アクア S,コンパクト,2024/08/10,2
U00143,S010,カローラスポーツ G,コンパクト,2024/08/24,2
U00144,S010,ハリアー Premium,SUV,2024/08/07,2
U00145,S010,プリウス A,セダン,2024/08/19,2
U00146,S017,C-HR G,SUV,2024/08/21,2
U00147,S017,クラウン RS,セダン,2024/08/09,2
U00148,S017,ヤリス X,コンパクト,2024/08/16,2
U00149,S001,シエンタ X,ミニバン,2024/09/12,2
U00150,S001,アクア S,コンパクト,2024/09/24,2
U00151,S002,カローラスポーツ G,コンパクト,2024/09/09,2
U00152,S002,ハリアー Premium,SUV,2024/09/21,2
U00153,S002,プリウス A,セダン,2024/09/04,2
U00154,S003,C-HR G,SUV,2024/09/18,2
U00155,S003,クラウン RS,セダン,2024/09/25,2
U00156,S004,シエンタ X,ミニバン,2024/09/15,2
U00157,S004,アクア S,コンパクト,2024/09/27,2
U00158,S004,ヴォクシー ZS,ミニバン,2024/09/10,2
U00159,S005,ハリアー Premium,SUV,2024/09/12,2
U00160,S005,プリウス A,セダン,2024/09/24,2
U00161,S005,ノア X,ミニバン,2024/09/07,2
U00162,S005,C-HR G,SUV,2024/09/19,2
U00163,S006,ヤリス X,コンパクト,2024/09/21,2
U00164,S006,シエンタ X,ミニバン,2024/09/04,2
U00165,S007,ヴォクシー ZS,ミニバン,2024/09/18,2
U00166,S007,カローラスポーツ G,コンパクト,2024/09/30,2
U00167,S008,プリウス A,セダン,2024/09/15,2
U00168,S008,ノア X,ミニバン,2024/09/27,2
U00169,S008,C-HR G,SUV,2024/09/10,2
U00170,S009,ヤリス X,コンパクト,2024/09/24,2
U00171,S009,シエンタ X,ミニバン,2024/09/07,2
U00172,S009,アクア S,コンパクト,2024/09/19,2
U00173,S010,カローラスポーツ G,コンパクト,2024/09/21,2
U00174,S010,ハリアー Premium,SUV,2024/09/09,2
U00175,S010,プリウス A,セダン,2024/09/16,2
U00176,S017,C-HR G,SUV,2024/09/18,2
U00177,S017,クラウン RS,セダン,2024/09/06,2
U00178,S001,ヤリス X,コンパクト,2024/10/09,2
U00179,S001,シエンタ X,ミニバン,2024/10/21,2
U00180,S001,アクア S,コンパクト,2024/10/04,2
U00181,S002,カローラスポーツ G,コンパクト,2024/10/18,2
U00182,S002,ハリアー Premium,SUV,2024/10/25,2
U00183,S003,ノア X,ミニバン,2024/10/15,2
U00184,S003,C-HR G,SUV,2024/10/27,2
U00185,S003,クラウン RS,セダン,2024/10/10,2
U00186,S004,シエンタ X,ミニバン,2024/10/12,2
U00187,S004,アクア S,コンパクト,2024/10/24,2
U00188,S004,ヴォクシー ZS,ミニバン,2024/10/07,2
U00189,S004,カローラスポーツ G,コンパクト,2024/10/19,2
U00190,S005,プリウス A,セダン,2024/10/21,2
U00191,S005,ノア X,ミニバン,2024/10/04,2
U00192,S006,クラウン RS,セダン,2024/10/18,2
U00193,S006,ヤリス X,コンパクト,2024/10/30,2
U00194,S007,アクア S,コンパクト,2024/10/15,2
U00195,S007,ヴォクシー ZS,ミニバン,2024/10/27,2
U00196,S007,カローラスポーツ G,コンパクト,2024/10/10,2
U00197,S008,プリウス A,セダン,2024/10/24,2
U00198,S008,ノア X,ミニバン,2024/10/07,2
U00199,S008,C-HR G,SUV,2024/10/19,2
U00200,S009,ヤリス X,コンパクト,2024/10/21,2
U00201,S009,シエンタ X,ミニバン,2024/10/09,2
U00202,S009,アクア S,コンパクト,2024/10/16,2
U00203,S010,カローラスポーツ G,コンパクト,2024/10/18,2
U00204,S010,ハリアー Premium,SUV,2024/10/06,2
U00205,S017,ノア X,ミニバン,2024/10/27,2
U00206,S017,C-HR G,SUV,2024/10/10,2
U00207,S001,クラウン RS,セダン,2024/11/18,2
U00208,S001,ヤリス X,コンパクト,2024/11/25,2
U00209,S002,アクア S,コンパクト,2024/11/15,2
U00210,S002,ヴォクシー ZS,ミニバン,2024/11/27,2
U00211,S002,カローラスポーツ G,コンパクト,2024/11/10,2
U00212,S003,プリウス A,セダン,2024/11/12,2
U00213,S003,ノア X,ミニバン,2024/11/24,2
U00214,S003,C-HR G,SUV,2024/11/07,2
U00215,S003,クラウン RS,セダン,2024/11/19,2
U00216,S004,シエンタ X,ミニバン,2024/11/21,2
U00217,S004,アクア S,コンパクト,2024/11/04,2
U00218,S005,カローラスポーツ G,コンパクト,2024/11/18,2
U00219,S005,ハリアー Premium,SUV,2024/11/30,2
U00220,S006,ノア X,ミニバン,2024/11/15,2
U00221,S006,C-HR G,SUV,2024/11/27,2
U00222,S006,クラウン RS,セダン,2024/11/10,2
U00223,S007,シエンタ X,ミニバン,2024/11/24,2
U00224,S007,アクア S,コンパクト,2024/11/07,2
U00225,S007,ヴォクシー ZS,ミニバン,2024/11/19,2
U00226,S008,ハリアー Premium,SUV,2024/11/21,2
U00227,S008,プリウス A,セダン,2024/11/09,2
U00228,S008,ノア X,ミニバン,2024/11/16,2
U00229,S009,クラウン RS,セダン,2024/11/18,2
U00230,S009,ヤリス X,コンパクト,2024/11/06,2
U00231,S010,アクア S,コンパクト,2024/11/27,2
U00232,S010,ヴォクシー ZS,ミニバン,2024/11/10,2
U00233,S017,ハリアー Premium,SUV,2024/11/24,2
U00234,S017,プリウス A,セダン,2024/11/12,2
U00235,S017,ノア X,ミニバン,2024/11/19,2
U00236,S001,C-HR G,SUV,2024/12/15,2
U00237,S001,クラウン RS,セダン,2024/12/27,2
U00238,S001,ヤリス X,コンパクト,2024/12/10,2
U00239,S002,アクア S,コンパクト,2024/12/12,2
U00240,S002,ヴォクシー ZS,ミニバン,2024/12/24,2
U00241,S002,カローラスポーツ G,コンパクト,2024/12/07,2
U00242,S002,ハリアー Premium,SUV,2024/12/19,2
U00243,S003,ノア X,ミニバン,2024/12/21,2
U00244,S003,C-HR G,SUV,2024/12/04,2
U00245,S004,ヤリス X,コンパクト,2024/12/18,2
U00246,S004,シエンタ X,ミニバン,2024/12/30,2
U00247,S005,ヴォクシー ZS,ミニバン,2024/12/15,2
U00248,S005,カローラスポーツ G,コンパクト,2024/12/27,2
U00249,S005,ハリアー Premium,SUV,2024/12/10,2
U00250,S006,ノア X,ミニバン,2024/12/24,2
U00251,S006,C-HR G,SUV,2024/12/07,2
U00252,S006,クラウン RS,セダン,2024/12/19,2
U00253,S007,シエンタ X,ミニバン,2024/12/21,2
U00254,S007,アクア S,コンパクト,2024/12/09,2
U00255,S007,ヴォクシー ZS,ミニバン,2024/12/16,2
U00256,S008,ハリアー Premium,SUV,2024/12/18,2
U00257,S008,プリウス A,セダン,2024/12/06,2
U00258,S009,C-HR G,SUV,2024/12/27,2
U00259,S009,クラウン RS,セダン,2024/12/10,2
U00260,S010,シエンタ X,ミニバン,2024/12/24,2
U00261,S010,アクア S,コンパクト,2024/12/12,2
U00262,S010,ヴォクシー ZS,ミニバン,2024/12/19,2
U00263,S017,ハリアー Premium,SUV,2024/12/21,2
U00264,S017,プリウス A,セダン,2024/12/09,2
U00265,S017,ノア X,ミニバン,2024/12/16,2
U00266,S001,C-HR G,SUV,2025/01/12,2
U00267,S001,クラウン RS,セダン,2025/01/24,2
U00268,S001,ヤリス X,コンパクト,2025/01/07,2
U00269,S001,シエンタ X,ミニバン,2025/01/19,2
U00270,S002,ヴォクシー ZS,ミニバン,2025/01/21,2
U00271,S002,カローラスポーツ G,コンパクト,2025/01/04,2
U00272,S003,プリウス A,セダン,2025/01/18,2
U00273,S003,ノア X,ミニバン,2025/01/30,2
U00274,S004,クラウン RS,セダン,2025/01/15,2
U00275,S004,ヤリス X,コンパクト,2025/01/27,2
U00276,S004,シエンタ X,ミニバン,2025/01/10,2
U00277,S005,ヴォクシー ZS,ミニバン,2025/01/24,2
U00278,S005,カローラスポーツ G,コンパクト,2025/01/07,2
U00279,S005,ハリアー Premium,SUV,2025/01/19,2
U00280,S006,ノア X,ミニバン,2025/01/21,2
U00281,S006,C-HR G,SUV,2025/01/09,2
U00282,S006,クラウン RS,セダン,2025/01/16,2
U00283,S007,シエンタ X,ミニバン,2025/01/18,2
U00284,S007,アクア S,コンパクト,2025/01/06,2
U00285,S008,カローラスポーツ G,コンパクト,2025/01/27,2
U00286,S008,ハリアー Premium,SUV,2025/01/10,2
U00287,S009,ノア X,ミニバン,2025/01/24,2
U00288,S009,C-HR G,SUV,2025/01/12,2
U00289,S009,クラウン RS,セダン,2025/01/19,2
U00290,S010,シエンタ X,ミニバン,2025/01/21,2
U00291,S010,アクア S,コンパクト,2025/01/09,2
U00292,S010,ヴォクシー ZS,ミニバン,2025/01/16,2
U00293,S017,ハリアー Premium,SUV,2025/01/06,2
U00294,S017,プリウス A,セダン,2025/01/13,2
U00295,S017,ノア X,ミニバン,2025/01/25,2
U00296,S001,C-HR G,SUV,2025/02/21,2
U00297,S001,クラウン RS,セダン,2025/02/04,2
U00298,S002,シエンタ X,ミニバン,2025/02/18,2
U00299,S002,アクア S,コンパクト,2025/03/02,2
U00300,S003,カローラスポーツ G,コンパクト,2025/02/15,2
U00301,S003,ハリアー Premium,SUV,2025/02/27,2
U00302,S003,プリウス A,セダン,2025/02/10,2
U00303,S004,C-HR G,SUV,2025/02/24,2
U00304,S004,クラウン RS,セダン,2025/02/07,2
U00305,S004,ヤリス X,コンパクト,2025/02/19,2
U00306,S005,アクア S,コンパクト,2025/02/21,2
U00307,S005,ヴォクシー ZS,ミニバン,2025/02/09,2
U00308,S005,カローラスポーツ G,コンパクト,2025/02/16,2
U00309,S006,プリウス A,セダン,2025/02/18,2
U00310,S006,ノア X,ミニバン,2025/02/06,2
U00311,S007,クラウン RS,セダン,2025/02/27,2
U00312,S007,ヤリス X,コンパクト,2025/02/10,2
U00313,S008,アクア S,コンパクト,2025/02/24,2
U00314,S008,ヴォクシー ZS,ミニバン,2025/02/12,2
U00315,S008,カローラスポーツ G,コンパクト,2025/02/19,2
U00316,S009,プリウス A,セダン,2025/02/21,2
U00317,S009,ノア X,ミニバン,2025/02/09,2
U00318,S009,C-HR G,SUV,2025/02/16,2
U00319,S010,ヤリス X,コンパクト,2025/02/06,2
U00320,S010,シエンタ X,ミニバン,2025/02/13,2
U00321,S010,アクア S,コンパクト,2025/02/25,2
U00322,S017,カローラスポーツ G,コンパクト,2025/02/27,2
U00323,S017,ハリアー Premium,SUV,2025/02/15,2
U00324,S001,プリウス A,セダン,2025/03/18,2
U00325,S001,ノア X,ミニバン,2025/03/30,2
U00326,S002,クラウン RS,セダン,2025/03/15,2
U00327,S002,ヤリス X,コンパクト,2025/03/27,2
U00328,S002,シエンタ X,ミニバン,2025/03/10,2
U00329,S003,ヴォクシー ZS,ミニバン,2025/03/24,2
U00330,S003,カローラスポーツ G,コンパクト,2025/03/07,2
U00331,S003,ハリアー Premium,SUV,2025/03/19,2
U00332,S004,ノア X,ミニバン,2025/03/21,2
U00333,S004,C-HR G,SUV,2025/03/09,2
U00334,S004,クラウン RS,セダン,2025/03/16,2
U00335,S005,シエンタ X,ミニバン,2025/03/18,2
U00336,S005,アクア S,コンパクト,2025/03/06,2
U00337,S006,カローラスポーツ G,コンパクト,2025/03/27,2
U00338,S006,ハリアー Premium,SUV,2025/03/10,2
U00339,S007,ノア X,ミニバン,2025/03/24,2
U00340,S007,C-HR G,SUV,2025/03/12,2
U00341,S007,クラウン RS,セダン,2025/03/19,2
U00342,S008,シエンタ X,ミニバン,2025/03/21,2
U00343,S008,アクア S,コンパクト,2025/03/09,2
U00344,S008,ヴォクシー ZS,ミニバン,2025/03/16,2
U00345,S009,ハリアー Premium,SUV,2025/03/06,2
U00346,S009,プリウス A,セダン,2025/03/13,2
U00347,S009,ノア X,ミニバン,2025/03/25,2
U00348,S010,クラウン RS,セダン,2025/03/27,2
U00349,S010,ヤリス X,コンパクト,2025/03/15,2
U00350,S017,アクア S,コンパクト,2025/03/24,2
U00351,S017,ヴォクシー ZS,ミニバン,2025/03/12,2
U00352,S017,カローラスポーツ G,コンパクト,2025/03/19,2
U00353,S001,ハリアー Premium,SUV,2025/04/15,2
U00354,S001,プリウス A,セダン,2025/04/27,2
U00355,S001,ノア X,ミニバン,2025/04/10,2
U00356,S002,クラウン RS,セダン,2025/04/24,2
U00357,S002,ヤリス X,コンパクト,2025/04/07,2
U00358,S002,シエンタ X,ミニバン,2025/04/19,2
U00359,S003,ヴォクシー ZS,ミニバン,2025/04/21,2
U00360,S003,カローラスポーツ G,コンパクト,2025/04/09,2
U00361,S003,ハリアー Premium,SUV,2025/04/16,2
U00362,S004,ノア X,ミニバン,2025/04/18,2
U00363,S004,C-HR G,SUV,2025/04/06,2
U00364,S005,ヤリス X,コンパクト,2025/04/27,2
U00365,S005,シエンタ X,ミニバン,2025/04/10,2
U00366,S006,ヴォクシー ZS,ミニバン,2025/04/24,2
U00367,S006,カローラスポーツ G,コンパクト,2025/04/12,2
U00368,S006,ハリアー Premium,SUV,2025/04/19,2
U00369,S007,ノア X,ミニバン,2025/04/21,2
U00370,S007,C-HR G,SUV,2025/04/09,2
U00371,S007,クラウン RS,セダン,2025/04/16,2
U00372,S008,シエンタ X,ミニバン,2025/04/06,2
U00373,S008,アクア S,コンパクト,2025/04/13,2
U00374,S008,ヴォクシー ZS,ミニバン,2025/04/25,2
U00375,S009,ハリアー Premium,SUV,2025/04/27,2
U00376,S009,プリウス A,セダン,2025/04/15,2
U00377,S010,C-HR G,SUV,2025/04/24,2
U00378,S010,クラウン RS,セダン,2025/04/12,2
U00379,S010,ヤリス X,コンパクト,2025/04/19,2
U00380,S017,アクア S,コンパクト,2025/04/09,2
U00381,S017,ヴォクシー ZS,ミニバン,2025/04/16,2
U00382,S001,カローラスポーツ G,コンパクト,2025/05/24,2
U00383,S001,ハリアー Premium,SUV,2025/05/07,2
U00384,S001,プリウス A,セダン,2025/05/19,2
U00385,S002,C-HR G,SUV,2025/05/21,2
U00386,S002,クラウン RS,セダン,2025/05/09,2
U00387,S002,ヤリス X,コンパクト,2025/05/16,2
U00388,S003,アクア S,コンパクト,2025/05/18,2
U00389,S003,ヴォクシー ZS,ミニバン,2025/05/06,2
U00390,S004,ハリアー Premium,SUV,2025/05/27,2
U00391,S004,プリウス A,セダン,2025/05/10,2
U00392,S005,C-HR G,SUV,2025/05/24,2
U00393,S005,クラウン RS,セダン,2025/05/12,2
U00394,S005,ヤリス X,コンパクト,2025/05/19,2
U00395,S006,アクア S,コンパクト,2025/05/21,2
U00396,S006,ヴォクシー ZS,ミニバン,2025/05/09,2
U00397,S006,カローラスポーツ G,コンパクト,2025/05/16,2
U00398,S007,プリウス A,セダン,2025/05/06,2
U00399,S007,ノア X,ミニバン,2025/05/13,2
U00400,S007,C-HR G,SUV,2025/05/25,2
U00401,S008,ヤリス X,コンパクト,2025/05/27,2
U00402,S008,シエンタ X,ミニバン,2025/05/15,2
U00403,S009,ヴォクシー ZS,ミニバン,2025/05/24,2
U00404,S009,カローラスポーツ G,コンパクト,2025/05/12,2
U00405,S009,ハリアー Premium,SUV,2025/05/19,2
U00406,S010,ノア X,ミニバン,2025/05/09,2
U00407,S010,C-HR G,SUV,2025/05/16,2
U00408,S017,ヤリス X,コンパクト,2025/05/06,2
U00409,S017,シエンタ X,ミニバン,2025/05/18,2
U00410,S017,アクア S,コンパクト,2025/05/25,2
U00411,S001,ヴォクシー ZS,ミニバン,2025/06/21,2
U00412,S001,カローラスポーツ G,コンパクト,2025/06/09,2
U00413,S001,ハリアー Premium,SUV,2025/06/16,2
U00414,S002,ノア X,ミニバン,2025/06/18,2
U00415,S002,C-HR G,SUV,2025/06/06,2
U00416,S003,ヤリス X,コンパクト,2025/06/27,2
U00417,S003,シエンタ X,ミニバン,2025/06/10,2
U00418,S004,ヴォクシー ZS,ミニバン,2025/06/24,2
U00419,S004,カローラスポーツ G,コンパクト,2025/06/12,2
U00420,S004,ハリアー Premium,SUV,2025/06/19,2
U00421,S005,ノア X,ミニバン,2025/06/21,2
U00422,S005,C-HR G,SUV,2025/06/09,2
U00423,S005,クラウン RS,セダン,2025/06/16,2
U00424,S006,シエンタ X,ミニバン,2025/06/06,2
U00425,S006,アクア S,コンパクト,2025/06/13,2
U00426,S006,ヴォクシー ZS,ミニバン,2025/06/25,2
U00427,S007,ハリアー Premium,SUV,2025/06/27,2
U00428,S007,プリウス A,セダン,2025/06/15,2
U00429,S008,C-HR G,SUV,2025/06/24,2
U00430,S008,クラウン RS,セダン,2025/06/12,2
U00431,S008,ヤリス X,コンパクト,2025/06/19,2
U00432,S009,アクア S,コンパクト,2025/06/09,2
U00433,S009,ヴォクシー ZS,ミニバン,2025/06/16,2
U00434,S010,ハリアー Premium,SUV,2025/06/06,2
U00435,S010,プリウス A,セダン,2025/06/18,2
U00436,S010,ノア X,ミニバン,2025/06/25,2
U00437,S017,クラウン RS,セダン,2025/06/03,2
U00438,S017,ヤリス X,コンパクト,2025/06/15,2
U00439,S017,シエンタ X,ミニバン,2025/06/22,2
U00440,S017,アクア S,コンパクト,2025/06/10,2
U00441,S001,ヴォクシー ZS,ミニバン,2025/07/18,2
U00442,S001,カローラスポーツ G,コンパクト,2025/07/06,2
U00443,S002,プリウス A,セダン,2025/07/27,2
U00444,S002,ノア X,ミニバン,2025/07/10,2
U00445,S003,クラウン RS,セダン,2025/07/24,2
U00446,S003,ヤリス X,コンパクト,2025/07/12,2
U00447,S003,シエンタ X,ミニバン,2025/07/19,2
U00448,S004,ヴォクシー ZS,ミニバン,2025/07/21,2
U00449,S004,カローラスポーツ G,コンパクト,2025/07/09,2
U00450,S004,ハリアー Premium,SUV,2025/07/16,2
U00451,S005,ノア X,ミニバン,2025/07/06,2
U00452,S005,C-HR G,SUV,2025/07/13,2
U00453,S005,クラウン RS,セダン,2025/07/25,2
U00454,S006,シエンタ X,ミニバン,2025/07/27,2
U00455,S006,アクア S,コンパクト,2025/07/15,2
U00456,S007,カローラスポーツ G,コンパクト,2025/07/24,2
U00457,S007,ハリアー Premium,SUV,2025/07/12,2
U00458,S007,プリウス A,セダン,2025/07/19,2
U00459,S008,C-HR G,SUV,2025/07/09,2
U00460,S008,クラウン RS,セダン,2025/07/16,2
U00461,S009,シエンタ X,ミニバン,2025/07/06,2
U00462,S009,アクア S,コンパクト,2025/07/18,2
U00463,S009,ヴォクシー ZS,ミニバン,2025/07/25,2
U00464,S010,ハリアー Premium,SUV,2025/07/03,2
U00465,S010,プリウス A,セダン,2025/07/15,2
U00466,S010,ノア X,ミニバン,2025/07/22,2
U00467,S010,C-HR G,SUV,2025/07/10,2
U00468,S017,ヤリス X,コンパクト,2025/07/12,2
U00469,S017,シエンタ X,ミニバン,2025/07/19,2
U00470,S001,アクア S,コンパクト,2025/08/27,2
U00471,S001,ヴォクシー ZS,ミニバン,2025/08/10,2
U00472,S002,ハリアー Premium,SUV,2025/08/24,2
U00473,S002,プリウス A,セダン,2025/08/12,2
U00474,S002,ノア X,ミニバン,2025/08/19,2
U00475,S003,クラウン RS,セダン,2025/08/21,2
U00476,S003,ヤリス X,コンパクト,2025/08/09,2
U00477,S003,シエンタ X,ミニバン,2025/08/16,2
U00478,S004,ヴォクシー ZS,ミニバン,2025/08/06,2
U00479,S004,カローラスポーツ G,コンパクト,2025/08/13,2
U00480,S004,ハリアー Premium,SUV,2025/08/25,2
U00481,S005,ノア X,ミニバン,2025/08/27,2
U00482,S005,C-HR G,SUV,2025/08/15,2
U00483,S006,ヤリス X,コンパクト,2025/08/24,2
U00484,S006,シエンタ X,ミニバン,2025/08/12,2
U00485,S006,アクア S,コンパクト,2025/08/19,2
U00486,S007,カローラスポーツ G,コンパクト,2025/08/09,2
U00487,S007,ハリアー Premium,SUV,2025/08/16,2
U00488,S008,ノア X,ミニバン,2025/08/06,2
U00489,S008,C-HR G,SUV,2025/08/18,2
U00490,S008,クラウン RS,セダン,2025/08/25,2
U00491,S009,シエンタ X,ミニバン,2025/08/03,2
U00492,S009,アクア S,コンパクト,2025/08/15,2
U00493,S009,ヴォクシー ZS,ミニバン,2025/08/22,2
U00494,S009,カローラスポーツ G,コンパクト,2025/08/10,2
U00495,S010,プリウス A,セダン,2025/08/12,2
U00496,S010,ノア X,ミニバン,2025/08/19,2
U00497,S017,クラウン RS,セダン,2025/08/09,2
U00498,S017,ヤリス X,コンパクト,2025/08/21,2
U00499,S001,シエンタ X,ミニバン,2025/09/24,2
U00500,S001,アクア S,コンパクト,2025/09/12,2
U00501,S001,ヴォクシー ZS,ミニバン,2025/09/19,2
U00502,S002,ハリアー Premium,SUV,2025/09/21,2
U00503,S002,プリウス A,セダン,2025/09/09,2
U00504,S002,ノア X,ミニバン,2025/09/16,2
U00505,S003,クラウン RS,セダン,2025/09/06,2
U00506,S003,ヤリス X,コンパクト,2025/09/13,2
U00507,S003,シエンタ X,ミニバン,2025/09/25,2
U00508,S004,ヴォクシー ZS,ミニバン,2025/09/27,2
U00509,S004,カローラスポーツ G,コンパクト,2025/09/15,2
U00510,S005,プリウス A,セダン,2025/09/24,2
U00511,S005,ノア X,ミニバン,2025/09/12,2
U00512,S005,C-HR G,SUV,2025/09/19,2
U00513,S006,ヤリス X,コンパクト,2025/09/09,2
U00514,S006,シエンタ X,ミニバン,2025/09/16,2
U00515,S007,ヴォクシー ZS,ミニバン,2025/09/06,2
U00516,S007,カローラスポーツ G,コンパクト,2025/09/18,2
U00517,S007,ハリアー Premium,SUV,2025/09/25,2
U00518,S008,ノア X,ミニバン,2025/09/03,2
U00519,S008,C-HR G,SUV,2025/09/15,2
U00520,S008,クラウン RS,セダン,2025/09/22,2
U00521,S008,ヤリス X,コンパクト,2025/09/10,2
U00522,S009,アクア S,コンパクト,2025/09/12,2
U00523,S009,ヴォクシー ZS,ミニバン,2025/09/19,2
U00524,S010,ハリアー Premium,SUV,2025/09/09,2
U00525,S010,プリウス A,セダン,2025/09/21,2
U00526,S017,C-HR G,SUV,2025/09/06,2
U00527,S017,クラウン RS,セダン,2025/09/18,2
U00528,S017,ヤリス X,コンパクト,2025/09/25,2
U00529,S001,シエンタ X,ミニバン,2025/10/21,2
U00530,S001,アクア S,コンパクト,2025/10/09,2
U00531,S001,ヴォクシー ZS,ミニバン,2025/10/16,2
U00532,S002,ハリアー Premium,SUV,2025/10/06,2
U00533,S002,プリウス A,セダン,2025/10/13,2
U00534,S002,ノア X,ミニバン,2025/10/25,2
U00535,S003,クラウン RS,セダン,2025/10/27,2
U00536,S003,ヤリス X,コンパクト,2025/10/15,2
U00537,S004,アクア S,コンパクト,2025/10/24,2
U00538,S004,ヴォクシー ZS,ミニバン,2025/10/12,2
U00539,S004,カローラスポーツ G,コンパクト,2025/10/19,2
U00540,S005,プリウス A,セダン,2025/10/09,2
U00541,S005,ノア X,ミニバン,2025/10/16,2
U00542,S006,クラウン RS,セダン,2025/10/06,2
U00543,S006,ヤリス X,コンパクト,2025/10/18,2
U00544,S006,シエンタ X,ミニバン,2025/10/25,2
U00545,S007,ヴォクシー ZS,ミニバン,2025/10/03,2
U00546,S007,カローラスポーツ G,コンパクト,2025/10/15,2
U00547,S007,ハリアー Premium,SUV,2025/10/22,2
U00548,S007,プリウス A,セダン,2025/10/10,2
U00549,S008,C-HR G,SUV,2025/10/12,2
U00550,S008,クラウン RS,セダン,2025/10/19,2
U00551,S009,シエンタ X,ミニバン,2025/10/09,2
U00552,S009,アクア S,コンパクト,2025/10/21,2
U00553,S010,カローラスポーツ G,コンパクト,2025/10/06,2
U00554,S010,ハリアー Premium,SUV,2025/10/18,2
U00555,S010,プリウス A,セダン,2025/10/25,2
U00556,S017,C-HR G,SUV,2025/10/15,2
U00557,S017,クラウン RS,セダン,2025/10/22,2
U00558,S017,ヤリス X,コンパクト,2025/10/10,2
U00559,S001,シエンタ X,ミニバン,2025/11/06,2
U00560,S001,アクア S,コンパクト,2025/11/13,2
U00561,S001,ヴォクシー ZS,ミニバン,2025/11/25,2
U00562,S002,ハリアー Premium,SUV,2025/11/27,2
U00563,S002,プリウス A,セダン,2025/11/15,2
U00564,S003,C-HR G,SUV,2025/11/24,2
U00565,S003,クラウン RS,セダン,2025/11/12,2
U00566,S003,ヤリス X,コンパクト,2025/11/19,2
U00567,S004,アクア S,コンパクト,2025/11/09,2
U00568,S004,ヴォクシー ZS,ミニバン,2025/11/16,2
U00569,S005,ハリアー Premium,SUV,2025/11/06,2
U00570,S005,プリウス A,セダン,2025/11/18,2
U00571,S005,ノア X,ミニバン,2025/11/25,2
U00572,S006,クラウン RS,セダン,2025/11/03,2
U00573,S006,ヤリス X,コンパクト,2025/11/15,2
U00574,S006,シエンタ X,ミニバン,2025/11/22,2
U00575,S006,アクア S,コンパクト,2025/11/10,2
U00576,S007,カローラスポーツ G,コンパクト,2025/11/12,2
U00577,S007,ハリアー Premium,SUV,2025/11/19,2
U00578,S008,ノア X,ミニバン,2025/11/09,2
U00579,S008,C-HR G,SUV,2025/11/21,2
U00580,S009,ヤリス X,コンパクト,2025/11/06,2
U00581,S009,シエンタ X,ミニバン,2025/11/18,2
U00582,S009,アクア S,コンパクト,2025/11/25,2
U00583,S010,カローラスポーツ G,コンパクト,2025/11/15,2
U00584,S010,ハリアー Premium,SUV,2025/11/22,2
U00585,S010,プリウス A,セダン,2025/11/10,2
U00586,S017,C-HR G,SUV,2025/11/12,2
U00587,S017,クラウン RS,セダン,2025/11/24,2
U00588,S017,ヤリス X,コンパクト,2025/11/07,2
U00589,S001,シエンタ X,ミニバン,2025/12/27,2
U00590,S001,アクア S,コンパクト,2025/12/15,2
U00591,S002,カローラスポーツ G,コンパクト,2025/12/24,2
U00592,S002,ハリアー Premium,SUV,2025/12/12,2
U00593,S002,プリウス A,セダン,2025/12/19,2
U00594,S003,C-HR G,SUV,2025/12/09,2
U00595,S003,クラウン RS,セダン,2025/12/16,2
U00596,S004,シエンタ X,ミニバン,2025/12/06,2
U00597,S004,アクア S,コンパクト,2025/12/18,2
U00598,S004,ヴォクシー ZS,ミニバン,2025/12/25,2
U00599,S005,ハリアー Premium,SUV,2025/12/03,2
U00600,S005,プリウス A,セダン,2025/12/15,2
U00601,S005,ノア X,ミニバン,2025/12/22,2
U00602,S005,C-HR G,SUV,2025/12/10,2
U00603,S006,ヤリス X,コンパクト,2025/12/12,2
U00604,S006,シエンタ X,ミニバン,2025/12/19,2
U00605,S007,ヴォクシー ZS,ミニバン,2025/12/09,2
U00606,S007,カローラスポーツ G,コンパクト,2025/12/21,2
U00607,S008,プリウス A,セダン,2025/12/06,2
U00608,S008,ノア X,ミニバン,2025/12/18,2
U00609,S008,C-HR G,SUV,2025/12/25,2
U00610,S009,ヤリス X,コンパクト,2025/12/15,2
U00611,S009,シエンタ X,ミニバン,2025/12/22,2
U00612,S009,アクア S,コンパクト,2025/12/10,2
U00613,S010,カローラスポーツ G,コンパクト,2025/12/12,2
U00614,S010,ハリアー Premium,SUV,2025/12/24,2
U00615,S010,プリウス A,セダン,2025/12/07,2
U00616,S017,C-HR G,SUV,2025/12/09,2
U00617,S017,クラウン RS,セダン,2025/12/21,2
U00618,S001,ヤリス X,コンパクト,2026/01/24,2
U00619,S001,シエンタ X,ミニバン,2026/01/12,2
U00620,S001,アクア S,コンパクト,2026/01/19,2
U00621,S002,カローラスポーツ G,コンパクト,2026/01/09,2
U00622,S002,ハリアー Premium,SUV,2026/01/16,2
U00623,S003,ノア X,ミニバン,2026/01/06,2
U00624,S003,C-HR G,SUV,2026/01/18,2
U00625,S003,クラウン RS,セダン,2026/01/25,2
U00626,S004,シエンタ X,ミニバン,2026/01/03,2
U00627,S004,アクア S,コンパクト,2026/01/15,2
U00628,S004,ヴォクシー ZS,ミニバン,2026/01/22,2
U00629,S004,カローラスポーツ G,コンパクト,2026/01/10,2
U00630,S005,プリウス A,セダン,2026/01/12,2
U00631,S005,ノア X,ミニバン,2026/01/19,2
U00632,S006,クラウン RS,セダン,2026/01/09,2
U00633,S006,ヤリス X,コンパクト,2026/01/21,2
U00634,S007,アクア S,コンパクト,2026/01/06,2
U00635,S007,ヴォクシー ZS,ミニバン,2026/01/18,2
U00636,S007,カローラスポーツ G,コンパクト,2026/01/25,2
U00637,S008,プリウス A,セダン,2026/01/15,2
U00638,S008,ノア X,ミニバン,2026/01/22,2
U00639,S008,C-HR G,SUV,2026/01/10,2
U00640,S009,ヤリス X,コンパクト,2026/01/12,2
U00641,S009,シエンタ X,ミニバン,2026/01/24,2
U00642,S009,アクア S,コンパクト,2026/01/07,2
U00643,S010,カローラスポーツ G,コンパクト,2026/01/09,2
U00644,S010,ハリアー Premium,SUV,2026/01/21,2
U00645,S017,ノア X,ミニバン,2026/01/18,2
U00646,S017,C-HR G,SUV,2026/01/25,2
U00647,S001,クラウン RS,セダン,2026/02/09,2
U00648,S001,ヤリス X,コンパクト,2026/02/16,2
U00649,S002,アクア S,コンパクト,2026/02/06,2
U00650,S002,ヴォクシー ZS,ミニバン,2026/02/18,2
U00651,S002,カローラスポーツ G,コンパクト,2026/02/25,2
U00652,S003,プリウス A,セダン,2026/02/03,2
U00653,S003,ノア X,ミニバン,2026/02/15,2
U00654,S003,C-HR G,SUV,2026/02/22,2
U00655,S003,クラウン RS,セダン,2026/02/10,2
U00656,S004,シエンタ X,ミニバン,2026/02/12,2
U00657,S004,アクア S,コンパクト,2026/02/19,2
U00658,S005,カローラスポーツ G,コンパクト,2026/02/09,2
U00659,S005,ハリアー Premium,SUV,2026/02/21,2
U00660,S006,ノア X,ミニバン,2026/02/06,2
U00661,S006,C-HR G,SUV,2026/02/18,2
U00662,S006,クラウン RS,セダン,2026/02/25,2
U00663,S007,シエンタ X,ミニバン,2026/02/15,2
U00664,S007,アクア S,コンパクト,2026/02/22,2
U00665,S007,ヴォクシー ZS,ミニバン,2026/02/10,2
U00666,S008,ハリアー Premium,SUV,2026/02/12,2
U00667,S008,プリウス A,セダン,2026/02/24,2
U00668,S008,ノア X,ミニバン,2026/02/07,2
U00669,S009,クラウン RS,セダン,2026/02/09,2
U00670,S009,ヤリス X,コンパクト,2026/02/21,2
U00671,S010,アクア S,コンパクト,2026/02/18,2
U00672,S010,ヴォクシー ZS,ミニバン,2026/02/25,2
U00673,S017,ハリアー Premium,SUV,2026/02/15,2
U00674,S017,プリウス A,セダン,2026/02/27,2
U00675,S017,ノア X,ミニバン,2026/02/10,2
U00676,S001,C-HR G,SUV,2026/03/06,2
U00677,S001,クラウン RS,セダン,2026/03/18,2
U00678,S001,ヤリス X,コンパクト,2026/03/25,2
U00679,S002,アクア S,コンパクト,2026/03/03,2
U00680,S002,ヴォクシー ZS,ミニバン,2026/03/15,2
U00681,S002,カローラスポーツ G,コンパクト,2026/03/22,2
U00682,S002,ハリアー Premium,SUV,2026/03/10,2
U00683,S003,ノア X,ミニバン,2026/03/12,2
U00684,S003,C-HR G,SUV,2026/03/19,2
U00685,S004,ヤリス X,コンパクト,2026/03/09,2
U00686,S004,シエンタ X,ミニバン,2026/03/21,2
U00687,S005,ヴォクシー ZS,ミニバン,2026/03/06,2
U00688,S005,カローラスポーツ G,コンパクト,2026/03/18,2
U00689,S005,ハリアー Premium,SUV,2026/03/25,2
U00690,S006,ノア X,ミニバン,2026/03/15,2
U00691,S006,C-HR G,SUV,2026/03/22,2
U00692,S006,クラウン RS,セダン,2026/03/10,2
U00693,S007,シエンタ X,ミニバン,2026/03/12,2
U00694,S007,アクア S,コンパクト,2026/03/24,2
U00695,S007,ヴォクシー ZS,ミニバン,2026/03/07,2
U00696,S008,ハリアー Premium,SUV,2026/03/09,2
U00697,S008,プリウス A,セダン,2026/03/21,2
U00698,S009,C-HR G,SUV,2026/03/18,2
U00699,S009,クラウン RS,セダン,2026/03/25,2
U00700,S010,シエンタ X,ミニバン,2026/03/15,2
U00701,S010,アクア S,コンパクト,2026/03/27,2
U00702,S010,ヴォクシー ZS,ミニバン,2026/03/10,2
U00703,S017,ハリアー Premium,SUV,2026/03/12,2
U00704,S017,プリウス A,セダン,2026/03/24,2
U00705,S017,ノア X,ミニバン,2026/03/07,2
U00706,S001,C-HR G,SUV,2026/04/03,2
U00707,S001,クラウン RS,セダン,2026/04/15,2
U00708,S001,ヤリス X,コンパクト,2026/04/22,2
U00709,S001,シエンタ X,ミニバン,2026/04/10,2
U00710,S002,ヴォクシー ZS,ミニバン,2026/04/12,2
U00711,S002,カローラスポーツ G,コンパクト,2026/04/19,2
U00712,S003,プリウス A,セダン,2026/04/09,2
U00713,S003,ノア X,ミニバン,2026/04/21,2
U00714,S004,クラウン RS,セダン,2026/04/06,2
U00715,S004,ヤリス X,コンパクト,2026/04/18,2
U00716,S004,シエンタ X,ミニバン,2026/04/25,2
U00717,S005,ヴォクシー ZS,ミニバン,2026/04/15,2
U00718,S005,カローラスポーツ G,コンパクト,2026/04/22,2
U00719,S005,ハリアー Premium,SUV,2026/04/10,2
U00720,S006,ノア X,ミニバン,2026/04/12,2
U00721,S006,C-HR G,SUV,2026/04/24,2
U00722,S006,クラウン RS,セダン,2026/04/07,2
U00723,S007,シエンタ X,ミニバン,2026/04/09,2
U00724,S007,アクア S,コンパクト,2026/04/21,2
U00725,S008,カローラスポーツ G,コンパクト,2026/04/18,2
U00726,S008,ハリアー Premium,SUV,2026/04/25,2
U00727,S009,ノア X,ミニバン,2026/04/15,2
U00728,S009,C-HR G,SUV,2026/04/27,2
U00729,S009,クラウン RS,セダン,2026/04/10,2
U00730,S010,シエンタ X,ミニバン,2026/04/12,2
U00731,S010,アクア S,コンパクト,2026/04/24,2
U00732,S010,ヴォクシー ZS,ミニバン,2026/04/07,2
U00733,S017,ハリアー Premium,SUV,2026/04/21,2
U00734,S017,プリウス A,セダン,2026/04/04,2
U00735,S017,ノア X,ミニバン,2026/04/16,2
U00736,S001,C-HR G,SUV,2026/05/12,2
U00737,S001,クラウン RS,セダン,2026/05/19,2
U00738,S002,シエンタ X,ミニバン,2026/05/09,2
U00739,S002,アクア S,コンパクト,2026/05/21,2
U00740,S003,カローラスポーツ G,コンパクト,2026/05/06,2
U00741,S003,ハリアー Premium,SUV,2026/05/18,2
U00742,S003,プリウス A,セダン,2026/05/25,2
U00743,S004,C-HR G,SUV,2026/05/15,2
U00744,S004,クラウン RS,セダン,2026/05/22,2
U00745,S004,ヤリス X,コンパクト,2026/05/10,2
U00746,S005,アクア S,コンパクト,2026/05/12,2
U00747,S005,ヴォクシー ZS,ミニバン,2026/05/24,2
U00748,S005,カローラスポーツ G,コンパクト,2026/05/07,2
U00749,S006,プリウス A,セダン,2026/05/09,2
U00750,S006,ノア X,ミニバン,2026/05/21,2
U00751,S007,クラウン RS,セダン,2026/05/18,2
U00752,S007,ヤリス X,コンパクト,2026/05/25,2
U00753,S008,アクア S,コンパクト,2026/05/15,2
U00754,S008,ヴォクシー ZS,ミニバン,2026/05/27,2
U00755,S008,カローラスポーツ G,コンパクト,2026/05/10,2
U00756,S009,プリウス A,セダン,2026/05/12,2
U00757,S009,ノア X,ミニバン,2026/05/24,2
U00758,S009,C-HR G,SUV,2026/05/07,2
U00759,S010,ヤリス X,コンパクト,2026/05/21,2
U00760,S010,シエンタ X,ミニバン,2026/05/04,2
U00761,S010,アクア S,コンパクト,2026/05/16,2
U00762,S017,カローラスポーツ G,コンパクト,2026/05/18,2
U00763,S017,ハリアー Premium,SUV,2026/05/30,2
